1,预先核准的企业名称保留期为_____个月。,A.3      B.6      C.12,3,B,无,19,1
1,国家工商总局在精简营业执照样式上坚持了大幅度合并营业执照种类，统一规格，将各类市场主体原有的15种营业执照样式统一为____种。,A.10     B.6  C.8    D.7,4,C,无,19,1
1,旧版执照的使用期限至______。,A.2014年12月31日        B.2015年2月28日 C.2015年12月31日     D.2016年2月28日,4,B,无,19,1
1,企业名称中的行政区划是指本企业所在地________以上行政区划的名称或地名。,A.乡（镇）    B.县级     C.市级,3,B,无,19,1
1,注册资本登记制度改革后，公司______不再作为工商登记事项。,A.实收资本    B.注册资本   C.认缴资本    D.实物,4,A,无,19,1
1,下列哪种不是抽查的方式。,A.书面检查  B.定向检查   C.实地检查 D.专项核查   E.网络监测,5,B,无,19,1
1,申请开办组成形式为家庭经营的个体工商户，其申请人为     。,"A.家庭成员中的任一人   B.家庭成员共同选举的代表 
C. 该家庭的户主      D.主持经营者",4,D,无,19,1
1,新版执照二维码印在什么位置    。,A.左下方      B.右下方      C.右上方   D.左上方,4,A,无,19,1
1,个体工商户的成立日期为_____。,"A.打印营业执照的日期    B.申请人收到营业执照的日期    
C.登记机关核准人签名日期",3,C,无,19,1
1,合伙企业的名称不可以使用____以下字样。,A.经营部   B.有限责任  C.厂      D.商店,4,B,无,19,1
1,个人经营的个体工商户改变经营者时，应办理_____手续。,A.歇业手续 B.注销登记 C.重新登记 D.变更登记,4,B,无,19,1
1,个人独资企业投资人在申请设立登记时明确以其家庭财产作为个人出资的，应当依法以家庭共有财产对企业债务承担__ 。,A. 无限责任 B.无限连带责任 C.有限责任 D.全部责任,4,A,无,19,1
1,下列字样中可作为名称中的字号使用的是   。,A．中华 B．中正 C．中南海 D．东海阳光,4,D,无,19,1
1,个人独资企业的财产属于____。,A.企业所有 B.投资人个人所有 C.企业与投资人共有 D.投资人选择以上任意一种,4,B,无,19,1
1,下列_____不是合伙协议应载明的事项。,A.合伙人的姓名和住所 B.合伙企业事务的执行 C.入伙与退伙 D.合伙人对企业债务的承担方式 ,4,D,无,19,1
1,合伙企业的成立日期为_____。,"A.营业执照的签发日期     B.合伙协议约定的日期 
C.企业提交设立申请之日   D.登记机关受理的日期",4,A,无,19,1
1,改革市场主体住所(经营场所)登记条件_______,A.由地方人民政府制定   B.由省工商行政管理局制定  C.由县级工商行政管理局制定  D.各省.自治区.直辖市人民政府可以自行或者授权下级人民政府作出具体规定。,4,D,无,19,1
1,下列关于 一人有限责任公司的说法正确的是：,"A.注册资本最低限额为人民币3万元
B.一个自然人只能投资设立一个一人有限责任公司
C.所有一人有限责任公司均能投资设立新的一人有限责任公司 
D.股东以实缴资本承担有限责任",4,B,无,19,1
1,有限责任公司的自然人股东死亡后，其合法继承人继承股东资格的，公司应当依法申请    。,A.注销登记      B. 变更登记     C.备案登记     D.无须登记,4,B,无,19,1
1,对未按规定期限公示年度报告的企业，由    在市场主体信用信息公示系统上将其载入经营异常名录，提醒其履行年度报告公示义务。,A.县级人民政府 B.前置审批部门 C.工商行政管理部门   D.行业协会,4,C,无,19,1
1,在案件调查过程中，发现当事人前后两次的询问笔录存在前后不一致的情形，应怎么处理,"A.无需处理再向当事人核实，执法人员觉得哪种说法更有利于办案就可以采信哪种，反正都是当事人说过的。
B.无需再向当事人核实，由执法人员根据提取的证据判断哪种说法是真实的。
C.应当向当事人核实，并要求当事人举证或进行合理解释再进行判断。
D.应当向当事人核实，以当事人的陈述为准。",4,C,无,19,1
1,新修订的《消费者权益保护法》于〔   〕起实施。,A.2013年10月25日B.2013年1月1日C.2014年1月1日 D.2014年3月15日,4,D,无,19,1
1,消费者为〔  〕消费需要购买.使用商品或者接受服务，其权益受本法保护；本法未作规定的，受其他有关法律.法规保护。, A.生产B.生活C.生产和生活D.个人,4,B,无,19,1
1,新修定的《消费者权益保护法》倡导〔  〕消费方式，反对浪费。,A.文明健康节约资源和保护环境的 B.文明健康节约资源的 C.健康节约资源和保护环境的 D.文明节约资源和保护环境的,4,A,无,19,1
1,4.我国新修订的《消费者权益保护法》中，消费者享有的权利有。〔  〕,A.8项   B.9项   C.10项   D.7项,4,B,无,19,1
1,《消费者权益保护法》使用调整的对象是下列哪项〔  〕,  A.消费者为生产需要购买，使用商品或接受服务时所发生的法律关系。B.商家为经营需要而发生的购销关系。C.消费者为生活消费需要购买，使用商品或者接受服务而发生的法律关系。D.消费者为营利而进行的购销活动,4,C,无,19,1
1,对于经营者的售后服务义务，国家根据某些商品的复杂性和特殊性规定了“三包”，下列中哪一项不属于“三包”的规定。〔  〕,A.包修  B.包换  C.包退   D.包赔,4,D,无,19,1
1,经营者应当保证其提供的商品或者服务符合保障人身.财产安全的要求，对〔  〕的商品，应当向消费者作出真实的说明和明确的警示，并说明和标明正确使用商品的方法以防止危害发生的方法,A.不合格  B.未经检验  C.数量不足  D.可能危及人身.财产安全,4,D,无,19,1
1,消费者因经营者利用虚假广告提供商品或者服务，其合法权益受到损害，可以向〔  〕要求赔偿。,A.生产者   B.广告发布者   C.经营者  D.生产者及广告发布者,4,C,无,19,1
1,大众传媒对损害消费者合法权益的行为进行。〔  〕,A.行政监督  B.社会监督  C.舆论监督  D.司法监督,4,C,无,19,1
1,经营者提供商品或服务，应向消费者出具发票等购货凭证或服务单据；消费者索要发票等购货凭证或服务单据的，经营者〔  〕出具。,A.必须  B.不一定   C.可以  D.视情况而定,4,A,无,19,1
1,经营者提供商品或者服务有欺诈行为的，应当按照消费者的要求增加赔偿其受到的损失，增加赔偿的金额为消费者购买商品的价款或接受服务的费用的〔  〕。,A.一倍  B.二倍  C.三倍  D.四倍,4,C,无,19,1
1,消费者向有关行政部门投诉的，该部门应当收到投诉之日起〔 〕个工作日内予以处理并告知消费者。,A.七   B.五  C.十五  D.十,4,A,无,19,1
1,消费者购买经营者提供的机动车.计算机.电视机 电冰箱 空调器 洗衣机等耐用商品或者装饰装修等服务，自接受商品或者服务之日起〔  〕发现瑕疵，发生争议的，由经营者承担有关瑕疵的举证责任。,A.三个月  B.六个月  C.一年  D.两年,4,B,无,19,1
1,宾馆.商场.餐馆.银行.机场.车站.港口.影剧院等经营场所的经营者，应当对消费者（    ）安全保障义务。,A.尽到    B.履行     C.负责   D.做好  ,4,A,无,19,1
1,下列各项中，不属于消费者权益保护法争议解决途径的是〔  〕。,A.请求消费者协会调解  B.与经营者协商和解  C.向公安机关报案  D.向人民法院提起诉讼,4,C,无,19,1
1,下列是某店堂的告示内容，其中符合法律规定的是〔  〕。,"A.本店商品一旦售出概不退换  B.购物总额十元以下者，本商场不开发
票  C.钱物请当面点清，否则后果自负  D.如售假药，包赔顾客2万元",4,D,无,19,1
1,甲为其3岁儿子购买某品牌的奶粉，小孩喝后上吐下泻，住院7天才恢复健康。经鉴定，该品牌奶粉属劣质品，甲打算为此采取维权行动。下列是甲的一些维权措施，其中属于不当措施的是〔  〕。,A.请媒体曝光，并要求工商管理机关查处 B.向出售该奶粉的商场索赔，或向生产该奶粉的厂家索赔  C.直接提起诉讼，要求商场赔偿医疗费 护理费 误工费 交通费等 D.直接提起仲裁，要求商场和厂家连带赔偿甲某全家所受的精神损害,4,D,无,19,1
1,消费者王某在购买商品后，发现商品存在瑕疵时，下列说法正确的是哪项。〔  〕。,A.王某只能向该商品生产者主张赔偿 B.王某可以向该商品的销售者主张赔偿  C.王某既可以向销售者要求赔偿，也可以向生产者要求赔偿  D.若经营者有证据表明该瑕疵是在销售过程中其他销售者所致，经营者有权拒绝赔偿。,4,C,无,19,1
1,依法经〔  〕认定为不合格的商品消费者要求退货的，经营者应当负责退货。,A.消费者协会  B.法院 C.行业协会  D.有关行政部门,4,D,无,19,1
1,经营者采用网络 电视 电话 邮购等方式销售商品，消费者有权自收到商品之日起〔   〕日内退货，且无需说明理由  ,A.七   B.十  C.十五  D.三十,4,A,无,19,1
1,社会团体或者其他组织 个人在关系消费者生命健康商品或者服务的虚假广告或者其他虚假宣传中向消费者推荐商品或者服务，造成消费者损害的，应当与提供该商品或者服务的经营者承担〔  〕。 ,A.公平责任  B.刑事责任  C.行政责任  D.连带责任,4,D,无,19,1
1,对侵害众多消费者合法权益的行为，中国消费者协会以及在省 自治区 直辖市设立的消费者协会，可以向〔  〕。,A.仲裁机构仲裁  B.有关行政部门申诉  C.人民法院提起诉讼 D.与经营者生产者和解,4,C,无,19,1
1,消费者通过网络交易平台购买商品或者接受服务，其合法权益受到损害的，可以向〔  〕要求赔偿。,A.生产者  B.经营者或者服务者  C.交易平台提供者  D.总经销商,4,C,无,19,1
1,经营者以预收款方式提供商品或者服务的，应当按照〔  〕提供。,A.约定 B.经营者自定的规定  C.消费者的意愿  D.有关法律.法规规定,4,A,无,19,1
1,经营者对消费者未尽到安全保障义务，造成消费者损害的，应当承担〔  〕。,A.赔偿责任  B.侵权责任  C.过错责任  D.无过错责任,4,B,无,19,1
1,经营者采用网络 电视 电话 邮购等方式销售商品，消费者有权自收到商品之日起七日内退货，退回商品的运费由〔  〕承担；经营者和消费者另有约定的，按照约定。,A.生产者  B.经营者  C.消费者  D.网络平台提供者,4,C,无,19,1
1,一日李女士在家中做饭时高压锅突然爆炸，李女士被炸飞的锅盖击中头部，抢救无效死亡。后据质量检测专家鉴定，高压锅发生爆炸的直接原因是设计不尽合理，使用时造成排气孔堵塞而发生爆炸，本案中，可以以下列何种依据判定生产者承担责任〔  〕。,A.产品买卖合同约定  B.产品存在的缺陷  C.产品默示担保条件  D.产品明示担保条件,4,B,无,19,1
1,小周在一家商店选购电视机，觉得该商店电视机的款式.质量不合心意;正打算离开时，被该产品的促销员拦住。该店员要求小周必须买一台，否则不许离开。该促销员的行为侵犯了小周的〔  〕。,A.公平交易权  B.人格尊严权 C.求偿权  D.知情了解权,4,A,无,19,1
1,甲公司售予乙商场一批玻璃花瓶，称花瓶上有不规则的抽象花纹为新产品，乙商场接货后即行销售，后受到很多消费者投诉，消费者说花瓶上的花纹实际上裂缝，花瓶漏水，要求乙商场退货并赔偿损失，乙商场与甲公司交涉，甲公司称此类花瓶是用于插装塑料花的，裂缝不影响使用，且有特殊的美学效果，拒绝承担责任。经查，消费者所述属实，下列答案中不正确的是哪项〔   〕。,"A.乙商场应予退换并赔偿损失  B.乙商场退换并赔偿损失后可向甲公司追偿
 C.消费者丙被花瓶裂缝划伤，可向甲公司直接索赔  D.乙商场无过错，不应当对此负责",4,D,无,19,1
1,消费者组织的宗旨是〔  〕。,A.以保护消费者合法权益为宗旨  B.维护自己组织的利益  C.传达政府的政策D.作为消费者与经营者沟通的桥梁,4,A,无,19,1
1,国际消费者联盟组织是在哪一年成立的〔  〕。,A.1958   B.1959  C.1960 D.1961,4,C,无,19,1
1,消费者协会履行公益性职责有几项〔  〕。,A.7项  B.8项  C.9项  D.10项,4,B,无,19,1
1,我国消费者协会是什么时候成立的〔  〕。,A.1984年12月  B.1985年1月  C.1992年1月  D.1993年12月,4,A,无,19,1
1,《消费者权益保护法》规定，展销会结束或者柜台租赁期满后.也可以向展销会的〔  〕.柜台的出租者要求赔偿。,A.参展者  B.组织者  C.举办者   D.销售者或服务者,4,C,无,19,1
1,国际消费者联盟确定〔  〕为“国际消费者权益日”。,A.3-15   B.6-15  C.9-15  D.2-15,4,A,无,19,1
1,消费者在购买.使用商品或接受服务时，其合法权益受到损害的，因原企业分立.合并的，可以向〔  〕要求赔偿。,A.分立后企业  B.合并后企业   C.变更后承受其权利义务的企业 D.其它的企业,4,C,无,19,1
1,保护消费者的合法权益是〔   〕的共同责任。,A.工商局和消协  B.政府和消协  C.全社会  D.社会团体,4,C,无,19,1
1,各级人民政府应当加强监督，预防危害消费者〔  〕的行为发生。,A.人身安全  B.财产安全  C.人身财产安全  D.生活安全,4,C,无,19,1
1,“百挑不厌”的商业口号，与消费者行使〔   〕权利相吻合。,A.自主选择权  B.人格尊严受尊重权  C.知情权  D.公平交易权,4,A,无,19,1
1,新的消费者权益保护法修改于〔  〕第十二届全国人民代表大会常务委员会第5次会议通过。,"A.2012年10月25日   B.1994年10月25日  C.2013年9月25日 
 D.2013年10月25日",4,D,无,19,1
1,以下单位中有权对损害消费者合法权益的行为进行社会监督的是〔  〕。,A.消费者协会  B.个体协会  C.行业协会  D.质量技术监督局,4,A,无,19,1
1,经营者向消费者提供的商品质劣价高.短斤少两，侵害了消费者的〔   〕权利。,A.公平交易权  B.知情权 C.获知权  D.自主选择权,4,A,无,19,1
1,一位衣着破旧的消费者在某商场，看中一个1200多元的台灯，要求售货员拿过来看一下。售货员不仅不拿，还对其冷嘲热讽，售货员这种行为违反了〔   〕。,A.接受消费者监督的义务   B.提供商品和服务真实信息的义务  C.不得侵犯消费者人格权利的义务  D.不公平.不合理的强制交易义务,4,C,无,19,1
1,销售者不得销售〔  〕的产品。," A.国家明令淘汰  B.国家明令停止销售  C.国家明令淘汰并停止销售 
 D.瑕疵",4,C,无,19,1
1,下列哪项不是《消费者权益保护法》的基本原则〔  〕。,A.国家对消费者特别保护原则  B.国家保护与社会监督相结合原则  C.经营者无须承担质量责任的原则  D.及时充分有效保护原则,4,C,无,19,1
1,下面有关消费者合法权益的认识中，正确的是〔  〕。,A.消费者依法享有权利，但不能滥用  B.消费者有权选择商品或服务.并确定价格  C.消费者有权利监督企业经营管理者的决策过程  D.消费者有权要求生产经营者提供产品的生产技术秘密,4,A,无,19,1
1,经营者提供的商品或者服务不符合质量要求的，没有国家规定和当事人约定的，消费者可以自收到商品之日起〔  〕日内退货。,A.5―9  B.1―10  C.2―10   D.1―7 ,4,D,无,19,1
1,下列哪项不是消费者权益保护法的立法宗旨〔  〕,A.保护消费者合法权益  B.维护社会秩序  C.维护社会弱势群体  D.促进社会主义经济健康发展,4,C,无,19,1
1,使用不当，容易造成产品本身损坏或者可能危及人身.财产安全的产品，应当有〔  〕或者中文警示说明。,A.警示标志  B.质量标识  C.质量合格证明； D.失效日期,4,A,无,19,1
1,经营者违反消法规定，应当承担〔 〕责任和缴纳罚款.罚金。,A.刑事  B.赔偿  C.民事  D.民事赔偿,4,D,无,19,1
1,《中华人民共和国商标法》是第五届全国人大常委会第二十四次会议于（  ）年8月23日通过的。,"A.1981年
B.1982年
C.1983年
D.2013年",4,B,无,19,1
1,《中华人民共和国商标法》已经进行了（  ）修改。,"A.一次
B.二次
C.三次
D.四次",4,C,无,19,1
1,2013年8月30日第十二届全国人民代表大会常务委员会第四次会议通过《关于修改〈中华人民共和国商标法〉的决定》，此次修改后的新《商标法》自（   ）起施行。,"A.2013年1月1日
B.2013年8月30日
C. 2014年1月1日
D. 2014年5月1日",4,D,无,19,1
1,（   ）主管全国商标注册和管理的工作。,"A.国家知识产权局
B.国家工商行政管理总局商标评审委员会
C.国家工商行政管理总局商标局
D.国家质量监督检验检疫总局。",4,C,无,19,1
1,申请注册和使用商标应当遵循 （  ）原则。,"A.诚实信用
B.公平信用
C.质量信誉
D.自愿平等",4,A,无,19,1
1,新商标法新增加了（  ）可以作为商标申请注册,"A.声音
B.图形
C.英文
D.数字",4,A,无,19,1
1,生产、经营者不得将（  ）字样用于商品、商品包装或者容器上，或者用于广告宣传、展览以及其他商标活动中。,"A.驰名商标 
B.注册商标
C.著名商标
D.商标",4,A,无,19,1
1,商标注册申请人可以通过（  ）份申请就多个类别的商品申请注册同一商标。,"A.一份
B.二份
C.三份
D.多份",4,A,无,19,1
1,委托人申请注册的商标可能存在《商标法》规定不得注册情形的，商标代理机构（  ）告知委托人。,"A.无须
B.应当明确
C.可以
D.可选择性",4,B,无,19,1
1,商标在中国政府主办的或者承认的国际展览会展出的商品上首次使用的，自该商品展出之日起（  ）内，该商标的注册申请人可以享有优先权。,"A.三个月
B.六个月
C.九个月
D.一年",4,B,无,19,1
1,对申请注册的商标，商标局应当自收到商标注册申请文件之日起（  ）内审查完毕，符合《商标法》有关规定的，予以初步审定公告。,"A.三个月
B.六个月
C.九个月
D.一年",4,C,无,19,1
1,两个或者两个以上的商标注册申请人，在同一种商品或者类似商品上，以相同或者近似的商标在同一天提出注册申请的，初步审定并公告（  ）的商标。,"A.使用在先
B.申请在先
C.相关各方协商确定
D.相关各方抽签确定",4,A,无,19,1
1,对初步审定公告的商标，自公告之日起（  ）内，符合法律规定条件者可向商标局提出异议。,"A.三个月
B.六个月
C.九个月
D.一年",4,A,无,19,1
1,商标注册驳回复审申请人，不服商标评审委员会复审决定的，可自收到通知之日起（  ）内向人民法院起诉,"A.十五日
B.三十日
C.三个月
D.一年",4,B,无,19,1
1,注册商标每次续展注册的有效期为（  ）。,"A.五年
B.七年
C.十年
D.二十年",4,C,无,19,1
1,注册商标有效期满，需要继续使用的，商标注册人应当在期满前（  ）内按照规定办理续展手续在此期间未能办理的，可以给予（  ）的宽展期。,"A.六个月，六个月
B.十二个月，六个月
C.六个月，三个月
D.十二个月，十二个月",4,B,无,19,1
1,转让注册商标的，受让人自（  ）起享有商标专用权。,"A.转让合同签订之日
B.转让合同生效之日
C.商标局核准转让公告之日
D.提出转让申请之日",4,C,无,19,1
1,当事人不服商标局作出的宣告注册商标无效的决定，可以自收到通知之日起（  ）内向商标评审委员会申请复审。,"A.十五日
B.三十日
C.三个月
D.六个月",4,A,无,19,1
1,认为他人注册商标侵犯自己在先著作权的，该著作权人可在（  ）请求商标评审委员会宣告该注册商标无效。,"A.自该商标注册之日起一年内
B.自该商标注册之日起五年内
C.自该著作权人知道之日起两年内
D.著作权保护期内任何时间",4,B,无,19,1
1,驰名商标所有人以他人注册商标恶意抢注为由，请求商标评审委员会宣告他人注册商标无效的，商标评审委员会一般情况下应当自收到申请之日起（  ）内作出裁定。,"A.三个月
B.六个月
C.九个月
D.十二个月",4,D,无,19,1
1,对没有正当理由连续三年不使用的注册商标，商标局因特殊情况不能在收到撤销申请之日起九个月内作出决定的，经（  ）批准可延长三个月。,"A.商标局局长
B.商标评审委员会主任
C.商标评审委员会
D.国务院工商行政管理部门",4,D,无,19,1
1,依法宣告无效的注册商标，由商标局予以公告，该注册商标专用权（  ）。,"A.自公告之日起终止
B.自宣告无效的决定或裁定生效时起终止
C.视为自始即不存在
D.自宣告无效的决定或裁定作出时起终止",4,C,无,19,1
1,商标注册人在使用商标过程中，自行改变注册商标，且在地方工商行政管理部门限期内仍不改正的，由（  ）撤销其注册商标。,"A.地方工商行政管理部门
B.国务院工商行政管理部门商标局
C.商标评审委员会
D.国务院工商行政管理部门",4,B,无,19,1
1,自注册商标被撤销、被宣告无效或者因期满未续展而被注销之日起（  ）内，商标局对与该商标相同或近似的商标注册申请，不予核准。,"A.六个月
B.一年
C.两年
D.三年",4,B,无,19,1
1,将他人注册商标、未注册的驰名商标作为企业名称中的字号使用，误导公众，构成不正当竞争的，依照（  ）处理。,"A.反不正当竞争法
B.商标法
C.企业名称登记管理规定
D.反垄断法",4,A,无,19,1
1,工商行政管理部门查办侵犯注册商标专用权案件时，对违法经营额五万元以上的，可处（  ）罚款。,"A.违法获利额五倍以下
B.违法经营额三倍以下
C.违法经营额五倍以下
D.三百万元以下",4,C,无,19,1
1,工商行政管理部门查办侵犯注册商标专用权案件时，对没有违法经营额或者违法经营额不足五万元的，可处（   ）罚款。,"A.五万元以下
B.十万元以下
C.二十万元以下
D.二十五万元以下",4,D,无,19,1
1,工商行政管理部门查办侵犯注册商标专用权案件时，对（  ）或者有其他严重情节的，应当从重处罚。,"A.两年内实施两次以上商标侵权行为
B.三年内实施两次以上商标侵权行为
C.五年内实施两次以上商标侵权行为
D.五年内实施三次以上商标侵权行为",4,C,无,19,1
1,新《商标法》第六十二条授权 （  ）工商行政管理部门可依法行使查封、扣押职权。,"A.县级
B.县级以上 
C.设区市级以上
D省级以下",4,B,无,19,1
1,对恶意侵犯商标专用权，情节严重的，可以在按照权利人因侵权所受到的实际损失等方法所确定数额的（  ）确定赔偿数额。,"A.一倍以上三倍以下
B.一倍以上五倍以下
C.三倍以下
D.五倍以下",4,A,无,19,1
1,权利人因被侵权所受到的实际损失、侵权人因侵权所获得的利益、注册商标许可使用费难以确定的，由人民法院根据侵权行为的情节判决给予（  ）的赔偿。,"A.五十万元以下
B.一百万元以下
C.三百万元以下
D.五百万元以下",4,C,无,19,1
1,注册商标专用权人请求赔偿，被控侵权人以注册商标专用权人未使用注册商标提出抗辩的，人民法院可以要求注册商标专用权人提供此前（  ）内实际使用该注册商标的证据。,"A.两年
B.三年
C.四年
D.五年",4,B,无,19,1
1,商标注册人有证据证明他人正在实施或者即将实施侵犯其注册商标专用权的行为，如不及时制止将会使其合法权益受到难以弥补的损害的，可依法在起诉前向人民法院申请采取（  ）和财产保全的措施。,"A.证据保全
B.查封
C.扣押
D.责令停止有关行为",4,D,无,19,1
1,商标代理机构以不正当手段扰乱商标代理市场秩序的，工商行政管理部门除依法处罚该商标代理机构外，还应当对其直接负责的主管人员和其他直接责任人员给予警告，处（  ）的罚款。,"A.一万元以下
B.一万元以上五万元以下
C.五千元以上五万元以下
D.十万元以下",4,C,无,19,1
1,商标代理机构以诋毁其他商标代理机构等手段招徕商标代理业务，情节严重的，商标局、商标评审委员会可以决定（  ），予以公告。,"A.停止受理其办理商标代理业务
B.处以罚款
C.吊销其证照
D.予以训诫",4,A,无,19,1
1,宣告注册商标无效的决定或裁定，对宣告无效前已经履行的商标转让合同不具有追溯力。但如果不返还商标转让费明显违反公平原则的，应当（  ）。,"A.赔偿损失
B.全部或者部分返还
C.全部返还
D.给予适当补偿",4,B,无,19,1
1,申请注册的商标，应当有（  ），便于识别，并不得与他人在先取得的合法权利相冲突。,"A.美感
B.内涵
C.声誉
D.显著特征",4,D,无,19,1
1,江西省著名商标，是指在本省行政区域内享有较高声誉，为相关公众知晓，并依法予以认定的（   ）。,"A.注册商标
B.未注册商标
C.企业字号
D.服务名称",4,A,无,19,1
1,擅自使用“江西省著名商标”字样或者标识，以著名商标进行虚假宣传，依照（  ）予以处罚。,"A.《中华人民共和国广告法》
B.《中华人民共和国商标法》
C.《中华人民共和国公司法》
D.《中华人民共和国产品质量法》",4,A,无,19,1
1,国家标准的代号是（    ）,A.DB    B.GB    C.QB    D.JB,4,B,无,19,1
1,企业标准的代号是（    ）,A.DB    B.GB    C.Q+*   D.JB,4,C,无,19,1
1,实施抽检的工商行政管理执法人员不得少于（    ）人，并应当向被抽检的经营者出示行政执法证和抽检通知书。,A.1    B.2    C.3    D.4,4,B,无,19,1
1,实施抽检的工商行政管理部门应当自收到检验结果之日起（    ）个工作日内通知被抽样的经营者。,A.3    B.5    C.7    D.10,4,B,无,19,1
1,5.抽检（    ）向经营者收取检验费用。,A.可以    B.应当    C.不得    D.必须,4,C,无,19,1
1,同一年度原则上不得组织对同一商标的同一规格型号商品进行（   ）次以上抽检，但有针对性地跟踪抽检除外。,A.1    B.2    C.3    D.4,4,B,无,19,1
1,抽检所需检验用样品，按经营者（     ）购买。,A.进货价格    B.销售价格    C.批发价格,4,A,无,19,1
1,被抽样的经营者或者样品标称生产者对检验结果有异议的，应当自收到检验结果通知书之日起（    ）日内，向实施抽检的工商行政管理部门提出书面复检申请。,A.5    B.7    C.10    D.15,4,D,无,19,1
1,对经抽检并依法认定为不合格商品的，工商行政管理部门应当责令被抽样的经营者立即（  ）；消费者要求退货的，经营者应当负责退货。,A.召回已售出商品；    B.销毁不合格商品    C.停止销售,4,C,无,19,1
1,经营者违反《流通领域商品质量抽查检验办法》规定，依据（  ）予以处罚的，处罚机关应当将处罚情况记入经营者信用档案，并依法及时向社会公布。,A.《消费者权益保护法》  B.《产品质量法》   C.《食品安全法》,4,A,无,19,1
1,《流通领域商品质量抽查检验办法》自（    ）起施行,"A.2014年1月1日  B.2014年2月14日 
C.2014年3月15日  D.2014年5月1日",4,C,无,19,1
1,网络商品经营者销售商品，消费者自收到商品之日起七日内退货的，退回商品的运费由（   ）承担；网络商品经营者和消费者另有约定的，按照约定。,A.消费者  B.网络商品经营者  C.双方共同承担,3,A,无,19,1
1,网络商品经营者销售商品，消费者自收到商品之日起七日内退货的，网络商品经营者应当自收到退回商品之日起（  ）内返还消费者支付的商品价款。,A.7日    B.10     C.15,3,A,无,19,1
1,第三方交易平台经营者修改其与平台内经营者的协议.交易规则，应当遵循公开.连续.合理的原则，修改内容应当至少提前（  ）予以公示并通知相关经营者。,A.10日 B.7日 C.30日 D.15日,4,B,无,19,1
1,为网络商品交易提供网络接入.服务器托管.虚拟空间租用.网站网页设计制作等服务的有关服务经营者，应当要求申请者提供经营资格证明和个人真实身份信息，签订服务合同，依法记录其上网信息。申请者营业执照或者个人真实身份信息等信息记录备份保存时间自服务合同终止或者履行完毕之日起不少于（）。,A.两年B.三年C.一年,3,A,无,19,1
1,第三方交易平台经营者拟终止提供第三方交易平台服务的，应当至少提前（）在其网站主页面醒目位置予以公示并通知相关经营者和消费者，采取必要措施保障相关经营者和消费者的合法权益。,A.一个月 B.两个月 C.半年 D.三个月,4,D,无,19,1
1,第三方交易平台经营者应当对通过平台销售商品或者提供服务的经营者及其发布的商品和服务信息建立检查监控制度，发现有违反工商行政管理法律.法规.规章的行为的，应当向平台经营者（）工商行政管理部门报告，并及时采取措施制止，必要时可以停止对其提供第三方交易平台服务。,A.所在地 B.市级 C.县级,3,A,无,19,1
1,第三方交易平台经营者应当审查.记录.保存在其平台上发布的商品和服务信息内容及其发布时间。平台内经营者的营业执照或者个人真实身份信息记录保存时间从经营者在平台的登记注销之日起不少于两年，交易记录等其他信息记录备份保存时间从交易完成之日起不少于（）。,A.一年 B.6个月 C.三年  D.两年,4,D,无,19,1
1,《网络交易管理办法》由国家工商行政管理总局第60号令于2014年1月26日公布，从()开始实施。,A.2014年3月15日 B.公布之日 C.2014年5月1日,3,A,无,19,1
2,注册资本登记制度改革取消了哪几项法定限制？    ,"A.最低注册资本3万元   
B.一人有限责任公司最低注册资本10万元 
C.股份有限公司最低注册资本500万元    
D.不再限制公司设立时全体股东（发起人）的首次出资比例
E.不再限制货币出资比例
F.不再规定公司股东（发起人）缴足出资的期限",6,ABCDEF,无,19,1
2,即将实行年度报告制的市场主体是哪些。    ,A.各类企业       B.个体工商户     C.农民专业合作社,3,ABC,无,19,1
2,公司营业执照应当载明____等事项。,"A.名称           B.住所       C.注册资本      
D.实收资本       E.经营范围   F.法定代表人姓名",6,ABCEF,无,19,1
2,个体工商户营业执照的记载事项有       。,"A.名称   B.类型   C.经营场所   D.经营者
E.组成形式   F.注册日期    G.经营范围",7,ABCDEFG,无,19,1
2,下列哪些属于已废止的法规.规章   。,A.《企业年度检验办法》B.《个体工商户验照办法》C.《股权出资登记管理办法》 D.《公司债权转股权登记管理办法》  E.《公司注册资本登记管理规定》,5,ABCD,无,19,1
2,以下有企业法人资格的公司有   。,A.总公司  B.分公司   C.母公司  D.子公司,4,ACD,无,19,1
2,市场主体信用信息的三个公示来源是       。,A.工商行政管理部门公示信息   B.其他政府部门公示的在履行职责过程中产生的企业信息   C.市场主体自身公示信息   D.行政处罚案件信息,4,ABC,无,19,1
2,工商行政管理部门公示信息包括         。,"A.企业登记.备案信息     B.动产抵押登记信息
C.股权出质登记信息       D.行政处罚案件信息
E.其他依法应当公示的信息",5,ABCDE,无,19,1
2,公司的登记事项包括：  。,"A.名称   B.住所  C.法定代表人姓名  D.注册资本
E.实收资本   F.公司类型  G.经营范围    H.营业期限",7,ABCDFGH,无,19,1
2,注册资本登记制度改革的基本原则是       。,"A.便捷高效      B.  规范统一       C. 社会共治
D.协同监管       F.宽进严管",6,ABF,无,19,1
2,经营异常名录记载的内容是      。,"A.企业名称.B.注册号.C.法定代 表人（负责人）姓名.
D.记载决定时间以及记载事由.记载状态。",4,ABCD,无,19,1
2,载入经营异常名录的情形是     。,"A.未按规定期限履行年度报告公示义务的；
B.未按规定期限履行《企业信用信息公示条例》规定的信息公示义务，在工商行政管理机关责令其限期履行后，仍未按期履行信息公示义务的
C.通过登记的住所（经营场所）无法联系的。",3,ABC,无,19,1
2,依照《公司法》，以下不属于有限责任公司法定设立条件的是：   。,"A.股东符合法定人数       B.股东出资达到法定资本最低限额
C.有公司名称             D.有一定数量的从业人员 ",4,BD,无,19,1
2,不可以用作农民专业合作社成员的出资额的是     。,A.实物    B.货币    C.自然人姓名    D.劳务,4,CD,无,19,1
2,农民专业合作社的法定代表人不正确的说法是    。,A.董事长   B.理事长   C.执行董事    D.经理,4,ACD,无,19,1
2,设立农民专业合作社，下列说法不正确的是    。,"A.5名以上的成员，其中农民至少应当占成员总数的80%。
B.2名以上的成员，其中农民至少应当占成员总数的50%
C.5名以上的成员，其中农民至少应当占成员总数的60%
D.6名以上的成员，其中农民至少应当占成员总数的80%",4,BCD,无,19,1
2,根据《公司法》，下列说法正确的是  。,"A.公司以其全部财产对公司的债务承担责任 
B.有限责任公司的股东以其实缴的出资额为限对公司承担责任
C.公司可以向其他企业投资；但是，除法律另有规定外，不得成为对所投资企业的债务承担连带责任的出资人
D.一人有限责任公司的股东不能证明公司财产独立于股东自己的财产的，应当对公司债务承担连带责任 ",4,ACD,无,19,1
2,根据《公司登记管理条例》，下列说法正确的是    。,"A．工商行政管理机关是公司登记机关
B．下级公司登记机关在上级公司登记机关的领导下开展公司登记工作
C．公司登记机关依法履行职责，不受非法干预
D．国家工商行政管理总局主管全国的公司登记工作",4,ABCD,无,19,1
2,关于公司登记事项，下列说法正确的是   。,"A．公司只能使用一个名称
B．公司的住所是公司主要办事机构所在地
C．公司的经营范围由公司章程规定，并依法登记
D．公司类型包括有限责任公司.股份有限公司和一人公司",4,ABC,无,19,1
2,下列关于公司住所的说法不正确的是    。,"A．公司住所证明是指能够证明公司对其住所拥有所有权的文件
B．公司的住所应当在其公司登记机关辖区内
C．公司变更住所的，应当在迁入新住所后30日内申请变更登记
D．公司变更住所跨公司登记机关辖区，迁入地公司登记机关受理的，由公司自行将登记档案移送迁入地公司登记机关。",4,ACD,无,19,1
2,根据《公司法》，公司法定代表人依照公司章程的规定，可以由  担任。,A.董事长   B.执行董事     C. 经理      D.监事会主席,4,ABC,无,19,1
2,以下属于公司备案事项的有    。,"A.有限公司财务负责人            B.公司设立分公司 
C.公司修改章程(未涉及登记事项变更)    D.公司清算组成员",4,BCD,无,19,1
2,《公司法》中的公司高级管理人员，包括公司的    等。,"A.经理 B.副经理    
C.财务负责人 D.上市公司董事会秘书",4,ABCD,无,19,1
2,企业名称应当由   组成，法律.行政法规和企业名称登记管理实施办法另有规定的除外。,A.行政区划    B.字号      C.行业     D.组织形式,4,ABCD,无,19,1
2,经国家工商行政管理总局核准，符合下列条件之一的企业法人，可以使用不含行政区划的企业名称：  。,"A.国务院批准的       B.国家工商行政管理总局登记注册的
C.注册资本（金）不少于5000万元人民币的
D.企业经济活动性质分别属于国民经济行业5个以上大类",4,ABC,无,19,1
2,以下不得登记为个人独资企业的是： 。,"A.临时经营              B.季节性经营
C.流动经营              D.没有固定门面的摆摊经营",4,ABCD,无,19,1
2,关于个人独资企业注销登记的规定，下列说法中正确的是  。,"A.开业后自行停业连续6个月的，登记机关应予以注销
B.应当提交投资人或者清算人签署的清算报告
C.个人独资企业办理注销登记时，应当缴回营业执照
D.投资人或清算人签署的注销登记申请书",4,BCD,无,19,1
2,下列  事项应当在合伙协议中载明。,"A.合伙企业的名称和主要经营场所的地点
B.合伙人在合伙企业中财产的继承事项
C.合伙企业的经营范围
D.合伙人的姓名及其住所",4,ACD,无,19,1
2,丙欲加入甲.乙的合伙企业，以下各项要求中，哪些是丙入伙时依法必须满足的？   ,"A.甲.乙一致同意，并与丙订立书面入伙协议
B.甲.乙向丙告知合伙企业的经营状况和财务状况
C.丙向甲.乙说明自己的个人负债情况
D.丙应当停止其已经从事的与该合伙企业相竞争的业务活动",4,ABD,无,19,1
2,下列_____情况下有限责任公司可以被吊销营业执照。,"A. 涂改.出租营业执照，情节严重的
B.未将营业执照置于住所或者营业场所醒目位置的，
C. 提交虚假文件取得企业登记，情节严重的
D. 登记机关工作人员滥用职权.玩忽职守作出准予登记的 E.未按规定申报企业年度报告的",5,AC,无,19,1
2,消费者和经营者发生消费者权益争议的，可以通过下列几种途径解决。,A.与经营者协商和解 B请求消费者协会或者依法成立的其他调解组织调解；C.向有关行政部门投诉 D.根据与经营者达成的仲裁协议提请仲裁机构仲裁 E.向人民法院提起诉讼。,5,ABCDE,无,19,1
2,下列哪些选项属于2013年新修订的《消费者权益保护法》新增条款。,"A.经营者有侮辱诽谤.搜查身体 侵犯人身自由等侵害消费者或者其他受害人
人身权益的行为，造成严重精神损害的，受害人可以要求精神损害赔偿
  B.依法经有关行政部门认定为不合格的商品，消费者要求退货的，经营者应当
负责退货
  C.消费者通过网络交易平台购买商品或者接受服务，其合法权益受到损害的，
可以向销售者或者服务者要求赔偿
  D.消费者在购买.使用商品和接受服务时，享有人格尊严 民族风俗习惯得到尊重的权利，享有个人信息依法得到保护的权利",4,ACD,无,19,1
2,经营者提供商品或者服务，造成消费者或者其他受害人人身伤害的，应当赔偿〔   〕等为治疗和康复支出的合理费用，以及因误工减少的收入。,A.医疗费  B.护理费  C.交通费  D.精神损失费,4,ABC,无,19,1
2,根据新修订的《消费者权益保护法》的规定，经营者采用网络.电视.电话.邮购等方式销售商品，消费者有权自收到商品之日起七日内退货，且无需说明理由，但下列〔  〕商品除外。,"A.小明定作的衬衫  B.李女士电话订购的鲜鱼  C.王先生网购的电饭锅 
D.商家说好不能退货的物品且消费者同意不退货物",4,ABD,无,19,1
2,下列有关预收款的说法正确的是〔  〕。,A.经营者可以采取预收款方式提供商品或者服务  B.经营者采取预收款方式但未按照约定提供的，应当按照消费者的要求履行约定  C.经营者采取预收款方式但未按照约定提供的，应当退回预付款  D.经营者除退回预付款外，还应当承担预付款的利息和消费者必须支付的合理费用,4,ABCD,无,19,1
2,经营者侵害消费者的人格尊严或者侵犯消费者人身自由的，应当负下列何种责任〔  〕。,A.停止侵害  B.恢复名誉  C.消除影响  D.赔礼道歉,4,ABCD,无,19,1
2,经营者与消费者进行交易，应当遵循〔  〕的原则。,A.自愿  B.平等  C.公平  D.诚实信用,4,ABCD,无,19,1
2,消费者购买.使用商品和接受服务时，享有〔  〕的权利。,A.知悉真实情况   B.自主选择  C.公平交易  D.获得赔偿,4,ABCD,无,19,1
2,保护消费者合法权益的法律主要有哪些〔  〕。,A.《消费者权益保护法》 B.《产品质量法》  C.《食品卫生法》 D.《广告法》,4,AB,无,19,1
2,消费者的人格尊严权主要包括〔   〕。,A.姓名权  B.荣誉权  C.肖像权  D.求偿权,4,ABC,无,19,1
2,消费者权益保护法的基本原则有〔   〕。,A.交易自愿.平等.公平.诚实信用原则  B.国家保护原则  C.消费者自我约束原则  D.全社会保护原则,4,ABD,无,19,1
2,消费者在自主选择商品或服务时，有权进行〔  〕。,A.比较  B.鉴别  C.挑选  D.强迫交易,4,ABC,无,19,1
2,某商场在柜台上写明：“售出商品概不退换”，此举侵犯了消费者的〔  〕。,A.自主选择权  B.公平交易权  C.维护尊严权  D.依法求偿权,4,BD,无,19,1
2,国家对消费者权益的保护，主要体现在〔  〕。,A.各级人民政府应当制止危害消费者人身 财产安全行为的发生 B.对符合法定起诉条件的消费者权益争议，人民法院必须受理  C.消费者可以直接制定有关消费者权益的法律 法规的工作,3,AB,无,19,1
2,“三包”具体包括〔   〕。,A.包换  B.包修  C.包退  D.包赔损失,4,ABC,无,19,1
2,消费的方式包括〔  〕。,A.购买商品  B.使用商品  C.接受服务  D.提供服务,4,ABC,无,19,1
2,《消费者权益保护法》规定的消费者包括〔  〕。,A.所有消费的人  B.进行生活消费的单位  C.公民个人  D.进行生产消费的单位,4,ABC,无,19,1
2,李小姐购买空调第10天，空调出现问题，经查属于“三包”范围内的故障，李小姐应享有哪些权利。〔  〕,A.免费更换同型号同规格的产品   B.免费更换任意型号任意规格的产品  C.无同型号产品可免费退货  D.有同型号产品也可以要求退货，但要按规定收取折旧费,4,ACD,无,19,1
2,经营者提供商品或者服务，造成消费者财产损害的，应当按照消费者的要求承担〔  〕民事责任。,A.修理重作更换退货补足数量  B.退还货款  C.退还服务费用  D.赔偿损失,4,ABCD,无,19,1
2,广告的经营者不能提供经营者的〔  〕应当承担赔偿责任。,A.真实名称  B.地址  C.有效联系方式  D.价格,4,ABC,无,19,1
2,根据新《商标法》的明确列举，能够区别商品来源，可作为商标申请注册的标志有（  ）。,"A.文字、字母、数字
B.图形、三维标志、颜色组合
C.气味
D.声音",4,ABD,无,19,1
2,我国注册商标包括（  ）。,"A.服务商标
B.商品商标
C.集体商标
D.证明商标",4,ABCD,无,19,1
2,与（）相同或近似的标志，不得作为商标使用。,"A.中华人民共和国国徽
B.中华人民共和国军旗
C.中华人民共和国勋章
D.“红十字”的名称、标志",4,ABCD,无,19,1
2,下列地名中，一般情况下不得作为普通商标使用的包括（）。,"A.乡镇名称
B.县级行政区划地名
C.香港
D.公众知晓的外国地名",4,BCD,无,19,1
2,不得作为商标注册的三维标志包括（）。,"A.仅由商品自身的性质产生的形状
B.为获得技术效果而需有的商品形状
C.使商品具有实质性价值的形状
D.一个具有长、宽、高三种度量的立体物质形态的三面视图",4,ABC,无,19,1
2,商标注册申请，可以以（）提出。,"A.书面方式
B.数据电文方式
C.口头方式
D.电话方式",4,AB,无,19,1
2,地理标志，是指标示某商品来源于某地区，该商品的特定质量、信誉或者其他特征，主要由（）所决定的标志。,"A.该商品生产者的生产规模
B.自然因素
C.人文因素
D.该商品生产者的技术能力",4,BC,无,19,1
2,初审公告的商标被提出异议后，商标局经审查作出准予注册决定的，下列说法正确的是（）。,"A.该商标获准注册，由商标局发给商标注册证并予公告
B.异议人不服商标局准予注册决定的，可向商标评审委员会依法申请复审，在此期间该商标尚未获准注册
C.异议人不服商标局准予注册决定的，可向商标评审委员会依法请求宣告该注册商标无效
D.异议人不服商标局准予注册决定的，可依法向人民法院提起行政诉讼",4,AC,无,19,1
2,应当提出注册商标变更申请的情形包括（）。,"A.变更注册人的名义
B.变更注册人的地址
C.改变注册商标标志
D.变更其他注册事项",4,ABD,无,19,1
2,对（）注册商标转让申请，商标局不予核准。,"A.未将注册商标与其注册人相关营业项目一并转让的
B.受让人未付清转让价款的
C.容易导致混淆的
D.有不良影响的",4,CD,无,19,1
2,经许可使用他人注册商标的，必须在使用该注册商标的商品上标明（）。,"A.商标注册人的名义
B.被许可人的名称
C.商品产地
D.“许可使用”字样",4,BC,无,19,1
2,已经注册的商标存在（）情形的，由商标局宣告该注册商标无效。,"A.有害于社会主义道德风尚的
B.缺乏显著特征的
C.三维标志商标是使商品具有实质性价值的形状的
D.以欺骗手段或者不正当手段取得注册的",4,ABCD,无,19,1
2,已经注册的商标，与他人在相同或类似商品上在先注册商标相同或近似的，（）可在法定期限内请求商标评审委员会宣告该注册商标无效。,"A.任何人
B.在先权利人
C.利害关系人
D.商标局",4,BC,无,19,1
2,注册商标专用权，以（）为限。,"A.核准注册的商标
B.核准注册的商标及其近似商标
C.核定使用的商品
D.核定使用的商品及其类似商品",4,AC,无,19,1
2,注册商标专用权人无权禁止他人正当使用的情形包括（）。,"A.注册商标中含有的本商品的通用名称、图形、型号
B.注册商标直接表示商品的质量、功能、用途
C.注册商标直接表示商品的主要原料、重量、数量及其他特点
D.注册商标中含有的地名",4,ABCD,无,19,1
2,工商行政管理部门认定侵犯注册商标专用权行为成立的，对侵权行为人除可依法作罚款处罚外，还应（）。,"A.责令立即停止侵权行为
B.没收、销毁侵权商品
C.没收、销毁主要用于制造侵权商品、伪造注册商标标识的工具
D.责令赔偿被侵权人的损失",4,ABC,无,19,1
2,工商行政管理部门对涉嫌侵犯他人注册商标专用权的行为进行查处时，可行使的职权包括（）。,"A.询问有关当事人
B.查阅、复制当事人与侵权活动有关的合同、账簿等资料
C.对当事人涉嫌从事侵权活动的场所实施现场检查
D.对有证据证明是侵犯注册商标专用权的物品，可查封或扣押",4,ABCD,无,19,1
2,工商行政管理部门在查处商标侵权案件过程中，（）的，可以中止案件的查处。,"A.注册商标权利人与侵权行为人正协商和解的
B.对商标权属存在争议的
C.投诉人的注册商标已宣告无效的
D.注册商标权利人同时向法院提起商标侵权诉讼的",4,BD,无,19,1
2,有下列情形之一的，不得使用“注册商标”字样或者标识（）。,"A.未注册的商标
B.未经商标所有人许可的
C.注册商标被撤销、注销的
D.已注册的商标",4,ABC,无,19,1
2,江西省著名商标权利人不得有下列行为（）。,"A.提供虚假文件、材料骗取著名商标的
B.擅自超越核定范围使用的
C.利用著名商标信誉，粗制滥造、以次充好，以假充真、损害消费者合法权的
D.其他违反著名商标使用管理规定的。",4,ABCD,无,19,1
2,根据标准制定的层次不同，标准分为（  ）,"A.国家标准
B.行业标准
C.地方标准
D.企业标准",4,ABCD,无,19,1
2,（   ）工商行政管理部门负责统筹管理和组织开展辖区流通领域商品质量抽检工作。,A.省    B.市    C.县  D.自治区  E.直辖市,5,ADE,无,19,1
2,抽检应当依据（  ）进行商品质量判定。,"A.法律法规
B.强制性标准  
C.其他有关规定
D.商品或者其包装上注明采用的产品标准
E.产品说明.实物样品等方式表明的质量状况",5,ABCDE,无,19,1
2,省级工商行政管理部门应当制定抽检工作计划，规定抽检的（）,A.商品品种  B.抽检区域  C.时间安排  D.经费预算。,4,ABCD,无,19,1
2,工商行政管理部门应当根据抽检工作计划制订抽检实施方案。抽检实施方案应当包括抽检的（  ）,A.抽检程序  B.承检机构    C.抽样地点  D.样品数量,4,ABCD,无,19,1
2,实施抽检的工商行政管理部门应当检查与被抽检商品相关的（  ）等，并对相关信息记录在案，由经营者签字确认。,A.票证账簿  B.货源  C.数量   D.存货地点存货量销售量,4,ABCD,无,19,1
2,样品和备份样品应当封样，并由工商行政管理（  ）三方签字确认。,A.执法人员   B.承检机构人员   C.经营者   D.见证人,4,ABC,无,19,1
2,对认定为销售不合格商品的违法行为，工商行政管理部门应当依据相关（   ）进行查处。,A.法律    B.法规    C.规章    D.规范性文件,4,ABC,无,19,1
2,本办法所称有关服务，是指为网络商品交易提供   、物流、快递、网络接入、服务器托管、虚拟空间租用、网站网页设计制作等营利性服务。,A.第三方交易平台 B.宣传推广 C.信用评价 D.支付结算 E售后服务,5,ABCD,无,19,1
2,网络商品交易市场监管对象主要是经营者住所地在辖区内的网络经营主体，包括：,A.辖区内的网络商品经营者 B.辖区内的网络服务经营者 C.提供网络交易平台服务的网站经营者,3,ABC,无,19,1
2,网络商品经营者销售商品，消费者有权自收到商品之日起七日内退货，且无需说明理由，但下列商品除外：,"A.消费者定作的
B.鲜活易腐的
C.在线下载或者消费者拆封的音像制品计算机软件等数字化商品
D.交付的报纸期刊",4,ABCD,无,19,1
2,"从事网络商品交易的自然人，应当通过第三方交易平台开展经营活动,并向第三方交易平台提交其（  ）等真实身份信息。具备登记注册条件的，依法办理工商登记。",A.姓名B.地址C.有效身份证明D.有效联系方式,4,ABCD,无,19,1
2,网络商品经营者.有关服务经营者不得以合同格式条款等方式作出（）等对消费者不公平.不合理的规定，不得利用合同格式条款并借助技术手段强制交易。,A.排除或者限制消费者权利   B.减轻或者免除经营者责任   C.加重消费者责任,3,ABC,无,19,1
2,网络商品经营者向消费者销售商品或者提供服务，应当遵守（  ）等法律.法规.规章的规定，不得损害消费者合法权益。,A.《消费者权益保护法》   B.《产品质量法》  C.《食品安全法》 D.《广告法》,4,AB,无,19,1
2,第三方交易平台，是指在网络商品交易活动中为交易双方或者多方提供（  ）等服务，供交易双方或者多方独立开展交易活动的信息网络系统。,A.网页空间  B.虚拟经营场所  C.交易规则   D.交易撮合   E.信息发布,5,ABCDE,无,19,1
2,网络商品经营者向消费者销售商品或者提供服务，应当向消费者提供（  ）等信息，采取安全保障措施确保交易安全可靠，并按照承诺提供商品或者服务。,A.商品或者服务的数量和质量 B.价款或者费用 C.履行期限和方式 D.支付形式退换货方式 E.安全注意事项和风险警示售后服务民事责任,5,ABCDE,无,19,1
3,“认缴”等于“不缴”,A.对 B.错,2,B,无,19,1
3,农民专业合作社是不实行年度报告制,A.对 B.错,2,B,无,19,1
3,设立有限责任公司的条件之一是，股东的出资必须达到法定注册资本最低限额,A.对 B.错,2,B,无,19,1
3,行政机关提供行政许可申请格式文本，可以收费。,A.对 B.错,2,B,无,19,1
3,公司的发起人、股东在公司成立后，抽逃其出资的，由公司登记机关责令改正，处以所抽逃出资金额百分之五以上百分之十五以下的罚款。,A.对 B.错,2,A,无,19,1
3,个体工商户经批准可以设立分支机构。,A.对 B.错,2,B,无,19,1
3,个人独资企业具有企业法人资格，承担有限责任。,A.对 B.错,2,B,无,19,1
3,合伙企业只能向企业登记机关申请核发壹本营业执照副本。,A.对 B.错,2,B,无,19,1
3,有限责任公司由五十个以下股东出资设立。,A.对 B.错,2,A,无,19,1
3,有限责任公司的注册资本为在公司登记机关登记的全体股东认缴的出资额。,A.对 B.错,2,A,无,19,1
3,全体股东的货币出资金额不得低于有限责任公司注册资本的百分之三十。,A.对 B.错,2,B,无,19,1
3,一个自然人可以投资设立多个一人有限责任公司。,A.对 B.错,2,B,无,19,1
3,电子营业执照就是纸质营业执照的电子复印件。,A.对 B.错,2,B,无,19,1
3,审批机关对许可经营项目有经营期限限制的，登记机关应当将该经营期限予以登记，企业应当在审批机关批准的经营期限内从事经营。,A.对 B.错,2,A,无,19,1
3,个体工商户的照面上的“注册日期”是指初次登记日期，与其他市场主体的“成立日期”内涵相同。,A.对 B.错,2,A,无,19,1
3,个体工商户应当于每年1月1日至6月30日，向登记机关报送年度报告。,A.对 B.错,2,A,无,19,1
3,工商行政管理机关不可以对企业年度报告公示内容进行抽查。,A.对 B.错,2,B,无,19,1
3,某企业经营范围中有“油漆”经营项目，登记时，其前置审批事项中要求提交《危险化学品经营许可证》。,A.对 B.错,2,A,无,19,1
3,企业名称中的字号应当由2个以上的汉字组成。,A.对 B.错,2,A,无,19,1
3,外商投资企业登记不适用注册资本登记制度改革。,A.对 B.错,2,B,无,19,1
3,经营者提供商品或者服务有欺诈行为的，应当按照消费者的要求增加赔偿其受到的损失，增加赔偿金额为消费者购买商品的价款或者接受服务的费用的2倍。,A.对 B.错,2,B,无,19,1
3,广告的经营者发布虚假广告的，消费者可以请求行政主管部门予以惩处。,A.对 B.错,2,A,无,19,1
3,对包修、包换、包退的大件商品，消费者要求经营者修理、更换、退货的，经营者应当承担运输等合理费用。,A.对 B.错,2,A,无,19,1
3,拒绝、阻碍有关行政部门工作人员依法执行公职，未使用暴力，威胁方法的，由公安机关依照《中华人民共和国治安管理处罚法》规定处罚。,A.对 B.错,2,A,无,19,1
3,我国消费者权益保护法保护一切有偿取得商品和服务、满足生产消费的物质文化消费的单位和个人。,A.对 B.错,2,B,无,19,1
3,消费者在购买、使用商品时，其合法权益受到损害的，只能向销售者要求赔偿，不得向生产者要求赔偿。,A.对 B.错,2,B,无,19,1
3,消费者有权要求经营者提供任何商品的价格、产地、生产者、等级、检验合格证明、使用方法说明书、售后服务等情况。,A.对 B.错,2,A,无,19,1
3,某农民因购买的种子有质量问题，导致其秋后颗粒无收。这位农民可以寻求《消费者权益保护法》对他的合法权益进行保护。,A.对 B.错,2,A,无,19,1
3,由于产品使用说明书关于安全和正确使用产品内容不全，造成用户损失，这是企业工作中的严重失职，不能认为是产品缺陷。,A.对 B.错,2,A,无,19,1
3,在消费场所内怀疑消费者有偷盗行为时，经营者既无权搜身，也无权搜包、盘问。,A.对 B.错,2,A,无,19,1
3,消费者有权利对购买的“处理品”要求商家商品进行“三包”。,A.对 B.错,2,B,无,19,1
3,经营者提供商品或者服务，造成消费者人身伤害的应当赔偿医疗费、护理费、交通费等以及因误工减少的收入。,A.对 B.错,2,A,无,19,1
3,受到损害时，消费者可直接向人民法院起诉。,A.对 B.错,2,A,无,19,1
3,商家强迫张某购买手机是侵犯其公平交易权的行为。,A.对 B.错,2,A,无,19,1
3,消费者在购买商品或者接受服务时，有权拒绝经营者的强制交易行为。,A.对 B.错,2,A,无,19,1
3,明确消费者公平交易权，是由于消费者与经营者的法律地位是不平等的。,A.对 B.错,2,A,无,19,1
3,产品应具备应当具备的使用性能，但如果经营者对产品存在使用性能的瑕疵做出了说明，经营者就不承担产品责任。,A.对 B.错,2,A,无,19,1
3,工商行政管理机关对消费者争议的调解没有强制执行力。,A.对 B.错,2,A,无,19,1
3,人人都是消费者。,A.对 B.错,2,B,无,19,1
3,在消费者权益保护问题上，《消费者权益保护法》的规定优于其它法律、法规的规定适用。,A.对 B.错,2,A,无,19,1
3,国家尊重个人生活消费的自主权、家庭生活消费与社会无关。,A.对 B.错,2,B,无,19,1
3,消费者享有对商品和服务以及保护消费者权益工作进行监督的权利。,A.对 B.错,2,A,无,19,1
3,国家制定有关消费者权益的法律、法规和政策时，应当听取消费者的意见和要求。,A.对 B.错,2,A,无,19,1
3,生产产品掺假、掺杂以次充好，以不合格产品冒充合格产品的行为违反了我国法律规定的公平的原则，必须依法予以追究。,A.对 B.错,2,A,无,19,1
3,保护消费者的合法权益是全社会的共同责任。,A.对 B.错,2,A,无,19,1
3,"消费者因使用有缺陷的产品而对他人造成的损害,产品经营者不该负责赔偿。",A.对 B.错,2,B,无,19,1
3,网络交易平台提供者明知或者应知销售者或者服务者利用其平台侵害消费者合法权益，未采取必要措施的，不需要承担责任。,A.对 B.错,2,B,无,19,1
3,消费者享有自主选择商品或服务的权利。,A.对 B.错,2,A,无,19,1
3,商店提供商品应当明码标价。,A.对 B.错,2,A,无,19,1
3,《消法》规定，格式合同可以作出对消费者不公平、不合理的规定。,A.对 B.错,2,B,无,19,1
3,经商标局核准注册的商标为注册商标，商标注册人享有商标专用权，受法律保护。,A.对 B.错,2,A,无,19,1
3,经外国政府同意，与该国国家名称、国旗相同或者近似的标志可作为商标使用；经我国国务院批准，我国中央国家机关的名称、标志也可作为商标使用。,A.对 B.错,2,B,无,19,1
3,同政府间国际组织的名称、旗帜相同或近似的标志，一律不得作为商标使用。,A.对 B.错,2,B,无,19,1
3,凡未在中国注册的商标，都不能作为驰名商标进行保护。,A.对 B.错,2,B,无,19,1
3,经许可使用他人注册商标的，不需要在使用该注册商标的商品上标明被许可人的名称和商品产地。,A.对 B.错,2,B,无,19,1
3,因业务往来等关系而明知他人在先使用的未注册商标，而在相同或类似商品上抢先申请相同或近似商标的，在先商标使用者有权提出异议，商标局对该抢注商标不予注册,A.对 B.错,2,A,无,19,1
3,注册商标需要在核定使用范围之外的商品上取得商标专用权的，应当提出变更申请。,A.对 B.错,2,B,无,19,1
3,对带有欺骗性易使公众对商品产地产生误认的注册商标，任何人都可请求商标评审委员会宣告该注册商标无效，且不受时间限制。,A.对 B.错,2,B,无,19,1
3,商标局作出的撤销注册商标决定属具体行政行为，一经依法作出即生效，该注册商标专用权即告终止。,A.对 B.错,2,B,无,19,1
3,已经注册的商标，属于在相同或类似商品上恶意抢注他人未在中国注册的驰名商标，容易导致混淆的，该驰名商标所有人可请求商标评审委员会宣告该注册商标无效，且不受时间限制。,A.对 B.错,2,A,无,19,1
3,注册商标需要改变其图形、文字的，不需要重新提出注册申请。,A.对 B.错,2,B,无,19,1
3,注册商标成为其核定使用的商品的通用名称的，任何单位或个人都可以向商标局申请撤销该注册商标。,A.对 B.错,2,A,无,19,1
3,未经商标注册人的许可，在同一种商品上使用与其注册商标相同的商标的，无论是否容易导致混淆，都属侵犯注册商标专用权行为。,A.对 B.错,2,A,无,19,1
3,两个以上的自然人可共同申请注册同一商标，共享该商标专用权。,A.对 B.错,2,A,无,19,1
3,在相同或者类似商品上，通过复制、摹仿或者翻译，可以注册和使用他人未在中国注册的驰名商标。,A.对 B.错,2,B,无,19,1
3,注册商标连续三年不使用，任何单位或个人都可以向商标局申请撤销该注册商标。,A.对 B.错,2,B,无,19,1
3,药品是必须使用注册商标的商品。,A.对 B.错,2,A,无,19,1
3,我国《商标法》尚未明确允许注册单一颜色商标。,A.对 B.错,2,B,无,19,1
3,经外国政府同意，与该国国家名称、国旗相同或者近似的标志可作为商标使用,A.对 B.错,2,A,无,19,1
3,《商标法实施条例》有关商品商标的规定，适用于服务商标。,A.对 B.错,2,A,无,19,1
3,商标为外文或者包含外文的，应当说明含义。,A.对 B.错,2,A,无,19,1
3,经我国国务院批准，我国中央国家机关的名称、标志也可作为商标使用。,A.对 B.错,2,B,无,19,1
3,2014年5月1日以前，经营者就将“驰名商标”字样使用在广告宣传、展览、其他商业活动中，5月1日以后仍在使用，不得处罚。,A.对 B.错,2,B,无,19,1
3,2014年5月1日以前生产，并已进入流通领域标注有“驰名商标”字样的商品、商品包装或容器上的，不得处罚。,A.对 B.错,2,A,无,19,1
3,2014年5月1日以前生产，5月1日以后进入流通领域标注有“驰名商标”字样的商品、商品包装或容器上的，不得处罚。,A.对 B.错,2,B,无,19,1
3,以三维标志申请商标注册的，不需提交能够确定三维形状的图样。,A.对 B.错,2,B,无,19,1
3,以三维标志申请商标注册的，提交的商标图样应当至少包含三面视图。,A.对 B.错,2,A,无,19,1
3,以颜色组合申请商标注册的，应当在申请书中予以声明，说明商标的使用方式。,A.对 B.错,2,A,无,19,1
3,以声音标志申请商标注册的，应当在申请书中予以声明，提交符合要求的声音样本，对申请注册的声音商标进行描述，说明商标的使用方式。,A.对 B.错,2,A,无,19,1
3,对声音商标进行描述，应当以五线谱或者简谱对申请用作商标的声音加以描述并附加文字说明；无法以五线谱或者简谱描述的，应当以文字加以描述；商标描述与声音样本应当一致。,A.对 B.错,2,A,无,19,1
3,注册集体商标、证明商标的，应当在申请书中予以声明，并提交主体资格证明文件和使用管理规则。,A.对 B.错,2,A,无,19,1
3,地理标志，可以作为证明商标或者集体商标申请注册。,A.对 B.错,2,A,无,19,1
3,凡未在中国注册的商标，都不能作为驰名商标进行保护。,A.对 B.错,2,B,无,19,1
3,本办法所称网络商品交易，是指通过互联网（含移动互联网）销售商品和服务的经营活动。,A.对 B.错,2,A,无,19,1
3,消费者索要发票等购货凭证或者服务单据的，网络商品经营者无须（必须）出具。,A.对 B.错,2,B,无,19,1
3,网络商品经营者、有关服务经营者提供的商品或者服务信息应当真实准确，不得作虚假宣传和虚假表示。,A.对 B.错,2,A,无,19,1
3,网络商品经营者、有关服务经营者销售商品或者提供服务，应当遵守《商标法》、《企业名称登记管理规定》等法律、法规、规章的规定，不得侵犯他人的注册商标专用权、企业名称权等权利。,A.对 B.错,2,A,无,19,1
3,已经工商行政管理部门登记注册并领取营业执照的法人、其他经济组织或者个体工商户，从事网络商品交易及有关服务的，应当在其网站首页或者从事经营活动的主页面醒目位置公开营业执照登载的信息或者其营业执照的电子链接标识。,A.对 B.错,2,A,无,19,1
3,所有商品和服务经营者均可通过网络进行交易（法律法规禁止交易的商品或者服务，经营者不得在网上进行交易）。,A.对 B.错,2,B,无,19,1
3,网络商品经营者销售商品或者提供服务，应当保证商品或者服务的完整性，可以(不得)将商品或者服务不合理拆分出售，可以（不得）确定最低消费标准或者另行收取其他的费用。,A.对 B.错,2,B,无,19,1
3,网络商品经营者、有关服务经营者未经消费者同意或者请求，或者消费者明确表示拒绝的，可以（不得）向消费者发送商业性电子信息。,A.对 B.错,2,B,无,19,1
3,网络商品经营者、有关服务经营者应当按照国家工商行政管理总局的规定向所在地工商行政管理部门报送经营统计资料。,A.对 B.错,2,A,无,19,1
3,第三方交易平台经营者应当对申请进入平台销售商品或者提供服务的法人、其他经济组织或者个体工商户的经营主体身份进行审查和登记，建立登记档案并定期核实更新，在其从事经营活动的主页面醒目位置公开营业执照登载的信息或者其营业执照的电子链接标识。,A.对 B.错,2,A,无,19,1
